area,unit,attribute,planned_route,selected_route,recommended_conditioning_json,planned_min_conditional_weight,observed_min_conditional_weight,downgraded_to_sparse
24661817,person,sex,joint_fit,joint_fit,[],272.0,272.0,False
24661817,person,age_group,joint_fit,joint_fit,[],273.0,273.0,False
24661817,household,household_type,joint_fit,joint_fit,[],280.0,280.0,False
24661817,household,household_size,joint_fit,joint_fit,[],280.0,280.0,False
24661817,person,education_level,joint_fit,joint_fit,[],254.0,254.0,False
24661817,person,labour_force_status,joint_fit,joint_fit,[],272.0,272.0,False
24661817,person,household_income,joint_fit,joint_fit,[],272.0,272.0,False
24661817,household,tenure,joint_fit,joint_fit,[],280.0,280.0,False
24661817,household,dwelling_type,joint_fit,joint_fit,[],280.0,280.0,False
24661817,person,citizenship_status,joint_fit,joint_fit,[],271.0,271.0,False
24661817,person,immigrant_status,joint_fit,joint_fit,[],271.0,271.0,False
24661817,person,commute_mode,joint_fit,joint_fit,[],21.0,21.0,False
24661817,person,commute_duration,joint_fit,joint_fit,[],138.0,138.0,False
24661817,household,bedrooms,joint_fit,joint_fit,[],280.0,280.0,False
24661817,household,period_built,joint_fit,joint_fit,[],280.0,280.0,False
24661817,household,dwelling_condition,joint_fit,joint_fit,[],280.0,280.0,False
24661817,household,core_housing_need,joint_fit,joint_fit,[],272.0,272.0,False
24661829,person,sex,joint_fit,joint_fit,[],288.0,288.0,False
24661829,person,age_group,joint_fit,joint_fit,[],288.0,288.0,False
24661829,household,household_type,joint_fit,joint_fit,[],300.0,300.0,False
24661829,household,household_size,joint_fit,joint_fit,[],300.0,300.0,False
24661829,person,education_level,joint_fit,joint_fit,[],264.0,264.0,False
24661829,person,labour_force_status,joint_fit,joint_fit,[],288.0,288.0,False
24661829,person,household_income,joint_fit,joint_fit,[],288.0,288.0,False
24661829,household,tenure,joint_fit,joint_fit,[],300.0,300.0,False
24661829,household,dwelling_type,joint_fit,joint_fit,[],300.0,300.0,False
24661829,person,citizenship_status,joint_fit,joint_fit,[],287.0,287.0,False
24661829,person,immigrant_status,joint_fit,joint_fit,[],287.0,287.0,False
24661829,person,commute_mode,joint_fit,joint_fit,[],21.0,21.0,False
24661829,person,commute_duration,joint_fit,joint_fit,[],158.0,158.0,False
24661829,household,bedrooms,joint_fit,joint_fit,[],300.0,300.0,False
24661829,household,period_built,joint_fit,joint_fit,[],299.0,299.0,False
24661829,household,dwelling_condition,joint_fit,joint_fit,[],300.0,300.0,False
24661829,household,core_housing_need,joint_fit,joint_fit,[],290.0,290.0,False
24661830,person,sex,joint_fit,joint_fit,[],255.0,255.0,False
24661830,person,age_group,joint_fit,joint_fit,[],255.0,255.0,False
24661830,household,household_type,joint_fit,joint_fit,[],265.0,265.0,False
24661830,household,household_size,joint_fit,joint_fit,[],265.0,265.0,False
24661830,person,education_level,joint_fit,joint_fit,[],238.0,238.0,False
24661830,person,labour_force_status,joint_fit,joint_fit,[],255.0,255.0,False
24661830,person,household_income,joint_fit,joint_fit,[],255.0,255.0,False
24661830,household,tenure,joint_fit,joint_fit,[],265.0,265.0,False
24661830,household,dwelling_type,joint_fit,joint_fit,[],265.0,265.0,False
24661830,person,citizenship_status,joint_fit,joint_fit,[],250.0,250.0,False
24661830,person,immigrant_status,joint_fit,joint_fit,[],250.0,250.0,False
24661830,person,commute_mode,joint_fit,joint_fit,[],17.0,17.0,False
24661830,person,commute_duration,joint_fit,joint_fit,[],135.0,135.0,False
24661830,household,bedrooms,joint_fit,joint_fit,[],265.0,265.0,False
24661830,household,period_built,joint_fit,joint_fit,[],265.0,265.0,False
24661830,household,dwelling_condition,joint_fit,joint_fit,[],265.0,265.0,False
24661830,household,core_housing_need,joint_fit,joint_fit,[],258.0,258.0,False
24661831,person,sex,joint_fit,joint_fit,[],183.0,183.0,False
24661831,person,age_group,joint_fit,joint_fit,[],184.0,184.0,False
24661831,household,household_type,joint_fit,joint_fit,[],190.0,190.0,False
24661831,household,household_size,joint_fit,joint_fit,[],190.0,190.0,False
24661831,person,education_level,joint_fit,joint_fit,[],173.0,173.0,False
24661831,person,labour_force_status,joint_fit,joint_fit,[],184.0,184.0,False
24661831,person,household_income,joint_fit,joint_fit,[],184.0,184.0,False
24661831,household,tenure,joint_fit,joint_fit,[],190.0,190.0,False
24661831,household,dwelling_type,joint_fit,joint_fit,[],190.0,190.0,False
24661831,person,citizenship_status,joint_fit,joint_fit,[],182.0,182.0,False
24661831,person,immigrant_status,joint_fit,joint_fit,[],182.0,182.0,False
24661831,person,commute_mode,joint_fit,joint_fit,[],18.0,18.0,False
24661831,person,commute_duration,joint_fit,joint_fit,[],95.0,95.0,False
24661831,household,bedrooms,joint_fit,joint_fit,[],190.0,190.0,False
24661831,household,period_built,joint_fit,joint_fit,[],190.0,190.0,False
24661831,household,dwelling_condition,joint_fit,joint_fit,[],190.0,190.0,False
24661831,household,core_housing_need,joint_fit,joint_fit,[],186.0,186.0,False
24661832,person,sex,joint_fit,joint_fit,[],341.0,341.0,False
24661832,person,age_group,joint_fit,joint_fit,[],342.0,342.0,False
24661832,household,household_type,joint_fit,joint_fit,[],350.0,350.0,False
24661832,household,household_size,joint_fit,joint_fit,[],350.0,350.0,False
24661832,person,education_level,joint_fit,joint_fit,[],324.0,324.0,False
24661832,person,labour_force_status,joint_fit,joint_fit,[],342.0,342.0,False
24661832,person,household_income,joint_fit,joint_fit,[],342.0,342.0,False
24661832,household,tenure,joint_fit,joint_fit,[],350.0,350.0,False
24661832,household,dwelling_type,joint_fit,joint_fit,[],350.0,350.0,False
24661832,person,citizenship_status,joint_fit,joint_fit,[],341.0,341.0,False
24661832,person,immigrant_status,joint_fit,joint_fit,[],341.0,341.0,False
24661832,person,commute_mode,joint_fit,joint_fit,[],23.0,23.0,False
24661832,person,commute_duration,joint_fit,joint_fit,[],163.0,163.0,False
24661832,household,bedrooms,joint_fit,joint_fit,[],350.0,350.0,False
24661832,household,period_built,joint_fit,joint_fit,[],350.0,350.0,False
24661832,household,dwelling_condition,joint_fit,joint_fit,[],350.0,350.0,False
24661832,household,core_housing_need,joint_fit,joint_fit,[],342.0,342.0,False
24661833,person,sex,joint_fit,joint_fit,[],362.0,362.0,False
24661833,person,age_group,joint_fit,joint_fit,[],362.0,362.0,False
24661833,household,household_type,joint_fit,joint_fit,[],370.0,370.0,False
24661833,household,household_size,joint_fit,joint_fit,[],370.0,370.0,False
24661833,person,education_level,joint_fit,joint_fit,[],341.0,341.0,False
24661833,person,labour_force_status,joint_fit,joint_fit,[],362.0,362.0,False
24661833,person,household_income,joint_fit,joint_fit,[],362.0,362.0,False
24661833,household,tenure,joint_fit,joint_fit,[],370.0,370.0,False
24661833,household,dwelling_type,joint_fit,joint_fit,[],370.0,370.0,False
24661833,person,citizenship_status,joint_fit,joint_fit,[],360.0,360.0,False
24661833,person,immigrant_status,joint_fit,joint_fit,[],360.0,360.0,False
24661833,person,commute_mode,joint_fit,joint_fit,[],25.0,25.0,False
24661833,person,commute_duration,joint_fit,joint_fit,[],178.0,178.0,False
24661833,household,bedrooms,joint_fit,joint_fit,[],370.0,370.0,False
24661833,household,period_built,joint_fit,joint_fit,[],370.0,370.0,False
24661833,household,dwelling_condition,joint_fit,joint_fit,[],370.0,370.0,False
24661833,household,core_housing_need,joint_fit,joint_fit,[],359.0,359.0,False
24661835,person,sex,joint_fit,joint_fit,[],301.0,301.0,False
24661835,person,age_group,joint_fit,joint_fit,[],301.0,301.0,False
24661835,household,household_type,joint_fit,joint_fit,[],310.0,310.0,False
24661835,household,household_size,joint_fit,joint_fit,[],310.0,310.0,False
24661835,person,education_level,joint_fit,joint_fit,[],276.0,276.0,False
24661835,person,labour_force_status,joint_fit,joint_fit,[],300.0,300.0,False
24661835,person,household_income,joint_fit,joint_fit,[],300.0,300.0,False
24661835,household,tenure,joint_fit,joint_fit,[],310.0,310.0,False
24661835,household,dwelling_type,joint_fit,joint_fit,[],310.0,310.0,False
24661835,person,citizenship_status,joint_fit,joint_fit,[],300.0,300.0,False
24661835,person,immigrant_status,joint_fit,joint_fit,[],300.0,300.0,False
24661835,person,commute_mode,joint_fit,joint_fit,[],20.0,20.0,False
24661835,person,commute_duration,joint_fit,joint_fit,[],161.0,161.0,False
24661835,household,bedrooms,joint_fit,joint_fit,[],310.0,310.0,False
24661835,household,period_built,joint_fit,joint_fit,[],310.0,310.0,False
24661835,household,dwelling_condition,joint_fit,joint_fit,[],310.0,310.0,False
24661835,household,core_housing_need,joint_fit,joint_fit,[],305.0,305.0,False
24661836,person,sex,joint_fit,joint_fit,[],160.0,160.0,False
24661836,person,age_group,joint_fit,joint_fit,[],161.0,161.0,False
24661836,household,household_type,joint_fit,joint_fit,[],165.0,165.0,False
24661836,household,household_size,joint_fit,joint_fit,[],165.0,165.0,False
24661836,person,education_level,joint_fit,joint_fit,[],153.0,153.0,False
24661836,person,labour_force_status,joint_fit,joint_fit,[],161.0,161.0,False
24661836,person,household_income,joint_fit,joint_fit,[],161.0,161.0,False
24661836,household,tenure,joint_fit,joint_fit,[],165.0,165.0,False
24661836,household,dwelling_type,joint_fit,joint_fit,[],165.0,165.0,False
24661836,person,citizenship_status,joint_fit,joint_fit,[],161.0,161.0,False
24661836,person,immigrant_status,joint_fit,joint_fit,[],161.0,161.0,False
24661836,person,commute_mode,joint_fit,joint_fit,[],15.0,15.0,False
24661836,person,commute_duration,joint_fit,joint_fit,[],80.0,80.0,False
24661836,household,bedrooms,joint_fit,joint_fit,[],165.0,165.0,False
24661836,household,period_built,joint_fit,joint_fit,[],164.0,164.0,False
24661836,household,dwelling_condition,joint_fit,joint_fit,[],165.0,165.0,False
24661836,household,core_housing_need,joint_fit,joint_fit,[],164.0,164.0,False
24661837,person,sex,joint_fit,joint_fit,[],231.0,231.0,False
24661837,person,age_group,joint_fit,joint_fit,[],231.0,231.0,False
24661837,household,household_type,joint_fit,joint_fit,[],240.0,240.0,False
24661837,household,household_size,joint_fit,joint_fit,[],240.0,240.0,False
24661837,person,education_level,joint_fit,joint_fit,[],219.0,219.0,False
24661837,person,labour_force_status,joint_fit,joint_fit,[],230.0,230.0,False
24661837,person,household_income,joint_fit,joint_fit,[],230.0,230.0,False
24661837,household,tenure,joint_fit,joint_fit,[],240.0,240.0,False
24661837,household,dwelling_type,joint_fit,joint_fit,[],240.0,240.0,False
24661837,person,citizenship_status,joint_fit,joint_fit,[],231.0,231.0,False
24661837,person,immigrant_status,joint_fit,joint_fit,[],231.0,231.0,False
24661837,person,commute_mode,joint_fit,joint_fit,[],9.0,9.0,False
24661837,person,commute_duration,joint_fit,joint_fit,[],108.0,108.0,False
24661837,household,bedrooms,joint_fit,joint_fit,[],240.0,240.0,False
24661837,household,period_built,joint_fit,joint_fit,[],240.0,240.0,False
24661837,household,dwelling_condition,joint_fit,joint_fit,[],240.0,240.0,False
24661837,household,core_housing_need,joint_fit,joint_fit,[],235.0,235.0,False
24661838,person,sex,joint_fit,joint_fit,[],344.0,344.0,False
24661838,person,age_group,joint_fit,joint_fit,[],344.0,344.0,False
24661838,household,household_type,joint_fit,joint_fit,[],355.0,355.0,False
24661838,household,household_size,joint_fit,joint_fit,[],355.0,355.0,False
24661838,person,education_level,joint_fit,joint_fit,[],320.0,320.0,False
24661838,person,labour_force_status,joint_fit,joint_fit,[],344.0,344.0,False
24661838,person,household_income,joint_fit,joint_fit,[],344.0,344.0,False
24661838,household,tenure,joint_fit,joint_fit,[],355.0,355.0,False
24661838,household,dwelling_type,joint_fit,joint_fit,[],355.0,355.0,False
24661838,person,citizenship_status,joint_fit,joint_fit,[],344.0,344.0,False
24661838,person,immigrant_status,joint_fit,joint_fit,[],344.0,344.0,False
24661838,person,commute_mode,joint_fit,joint_fit,[],20.0,20.0,False
24661838,person,commute_duration,joint_fit,joint_fit,[],176.0,176.0,False
24661838,household,bedrooms,joint_fit,joint_fit,[],355.0,355.0,False
24661838,household,period_built,joint_fit,joint_fit,[],355.0,355.0,False
24661838,household,dwelling_condition,joint_fit,joint_fit,[],355.0,355.0,False
24661838,household,core_housing_need,joint_fit,joint_fit,[],345.0,345.0,False
24661839,person,sex,joint_fit,joint_fit,[],299.0,299.0,False
24661839,person,age_group,joint_fit,joint_fit,[],299.0,299.0,False
24661839,household,household_type,joint_fit,joint_fit,[],310.0,310.0,False
24661839,household,household_size,joint_fit,joint_fit,[],310.0,310.0,False
24661839,person,education_level,joint_fit,joint_fit,[],276.0,276.0,False
24661839,person,labour_force_status,joint_fit,joint_fit,[],299.0,299.0,False
24661839,person,household_income,joint_fit,joint_fit,[],299.0,299.0,False
24661839,household,tenure,joint_fit,joint_fit,[],310.0,310.0,False
24661839,household,dwelling_type,joint_fit,joint_fit,[],310.0,310.0,False
24661839,person,citizenship_status,joint_fit,joint_fit,[],299.0,299.0,False
24661839,person,immigrant_status,joint_fit,joint_fit,[],299.0,299.0,False
24661839,person,commute_mode,joint_fit,joint_fit,[],21.0,21.0,False
24661839,person,commute_duration,joint_fit,joint_fit,[],154.0,154.0,False
24661839,household,bedrooms,joint_fit,joint_fit,[],310.0,310.0,False
24661839,household,period_built,joint_fit,joint_fit,[],310.0,310.0,False
24661839,household,dwelling_condition,joint_fit,joint_fit,[],310.0,310.0,False
24661839,household,core_housing_need,joint_fit,joint_fit,[],298.0,298.0,False
24661840,person,sex,joint_fit,joint_fit,[],173.0,173.0,False
24661840,person,age_group,joint_fit,joint_fit,[],174.0,174.0,False
24661840,household,household_type,joint_fit,joint_fit,[],175.0,175.0,False
24661840,household,household_size,joint_fit,joint_fit,[],175.0,175.0,False
24661840,person,education_level,joint_fit,joint_fit,[],162.0,162.0,False
24661840,person,labour_force_status,joint_fit,joint_fit,[],174.0,174.0,False
24661840,person,household_income,joint_fit,joint_fit,[],174.0,174.0,False
24661840,household,tenure,joint_fit,joint_fit,[],175.0,175.0,False
24661840,household,dwelling_type,joint_fit,joint_fit,[],175.0,175.0,False
24661840,person,citizenship_status,joint_fit,joint_fit,[],174.0,174.0,False
24661840,person,immigrant_status,joint_fit,joint_fit,[],174.0,174.0,False
24661840,person,commute_mode,joint_fit,joint_fit,[],10.0,10.0,False
24661840,person,commute_duration,joint_fit,joint_fit,[],93.0,93.0,False
24661840,household,bedrooms,joint_fit,joint_fit,[],175.0,175.0,False
24661840,household,period_built,joint_fit,joint_fit,[],175.0,175.0,False
24661840,household,dwelling_condition,joint_fit,joint_fit,[],175.0,175.0,False
24661840,household,core_housing_need,joint_fit,joint_fit,[],171.0,171.0,False
24661895,person,sex,joint_fit,joint_fit,[],380.0,380.0,False
24661895,person,age_group,joint_fit,joint_fit,[],380.0,380.0,False
24661895,household,household_type,joint_fit,joint_fit,[],395.0,395.0,False
24661895,household,household_size,joint_fit,joint_fit,[],395.0,395.0,False
24661895,person,education_level,joint_fit,joint_fit,[],351.0,351.0,False
24661895,person,labour_force_status,joint_fit,joint_fit,[],380.0,380.0,False
24661895,person,household_income,joint_fit,joint_fit,[],380.0,380.0,False
24661895,household,tenure,joint_fit,joint_fit,[],395.0,395.0,False
24661895,household,dwelling_type,joint_fit,joint_fit,[],394.0,394.0,False
24661895,person,citizenship_status,joint_fit,joint_fit,[],379.0,379.0,False
24661895,person,immigrant_status,joint_fit,joint_fit,[],379.0,379.0,False
24661895,person,commute_mode,joint_fit,joint_fit,[],31.0,31.0,False
24661895,person,commute_duration,joint_fit,joint_fit,[],198.0,198.0,False
24661895,household,bedrooms,joint_fit,joint_fit,[],395.0,395.0,False
24661895,household,period_built,joint_fit,joint_fit,[],395.0,395.0,False
24661895,household,dwelling_condition,joint_fit,joint_fit,[],395.0,395.0,False
24661895,household,core_housing_need,joint_fit,joint_fit,[],381.0,381.0,False
24661896,person,sex,joint_fit,joint_fit,[],289.0,289.0,False
24661896,person,age_group,joint_fit,joint_fit,[],289.0,289.0,False
24661896,household,household_type,joint_fit,joint_fit,[],300.0,300.0,False
24661896,household,household_size,joint_fit,joint_fit,[],300.0,300.0,False
24661896,person,education_level,joint_fit,joint_fit,[],268.0,268.0,False
24661896,person,labour_force_status,joint_fit,joint_fit,[],289.0,289.0,False
24661896,person,household_income,joint_fit,joint_fit,[],289.0,289.0,False
24661896,household,tenure,joint_fit,joint_fit,[],300.0,300.0,False
24661896,household,dwelling_type,joint_fit,joint_fit,[],300.0,300.0,False
24661896,person,citizenship_status,joint_fit,joint_fit,[],288.0,288.0,False
24661896,person,immigrant_status,joint_fit,joint_fit,[],288.0,288.0,False
24661896,person,commute_mode,joint_fit,joint_fit,[],20.0,20.0,False
24661896,person,commute_duration,joint_fit,joint_fit,[],152.0,152.0,False
24661896,household,bedrooms,joint_fit,joint_fit,[],300.0,300.0,False
24661896,household,period_built,joint_fit,joint_fit,[],300.0,300.0,False
24661896,household,dwelling_condition,joint_fit,joint_fit,[],300.0,300.0,False
24661896,household,core_housing_need,joint_fit,joint_fit,[],293.0,293.0,False
24661897,person,sex,joint_fit,joint_fit,[],373.0,373.0,False
24661897,person,age_group,joint_fit,joint_fit,[],373.0,373.0,False
24661897,household,household_type,joint_fit,joint_fit,[],380.0,380.0,False
24661897,household,household_size,joint_fit,joint_fit,[],380.0,380.0,False
24661897,person,education_level,joint_fit,joint_fit,[],348.0,348.0,False
24661897,person,labour_force_status,joint_fit,joint_fit,[],372.0,372.0,False
24661897,person,household_income,joint_fit,joint_fit,[],372.0,372.0,False
24661897,household,tenure,joint_fit,joint_fit,[],380.0,380.0,False
24661897,household,dwelling_type,joint_fit,joint_fit,[],380.0,380.0,False
24661897,person,citizenship_status,joint_fit,joint_fit,[],367.0,367.0,False
24661897,person,immigrant_status,joint_fit,joint_fit,[],367.0,367.0,False
24661897,person,commute_mode,joint_fit,joint_fit,[],24.0,24.0,False
24661897,person,commute_duration,joint_fit,joint_fit,[],182.0,182.0,False
24661897,household,bedrooms,joint_fit,joint_fit,[],380.0,380.0,False
24661897,household,period_built,joint_fit,joint_fit,[],379.0,379.0,False
24661897,household,dwelling_condition,joint_fit,joint_fit,[],380.0,380.0,False
24661897,household,core_housing_need,joint_fit,joint_fit,[],372.0,372.0,False
24661898,person,sex,joint_fit,joint_fit,[],290.0,290.0,False
24661898,person,age_group,joint_fit,joint_fit,[],290.0,290.0,False
24661898,household,household_type,joint_fit,joint_fit,[],300.0,300.0,False
24661898,household,household_size,joint_fit,joint_fit,[],300.0,300.0,False
24661898,person,education_level,joint_fit,joint_fit,[],262.0,262.0,False
24661898,person,labour_force_status,joint_fit,joint_fit,[],288.0,288.0,False
24661898,person,household_income,joint_fit,joint_fit,[],288.0,288.0,False
24661898,household,tenure,joint_fit,joint_fit,[],300.0,300.0,False
24661898,household,dwelling_type,joint_fit,joint_fit,[],299.0,299.0,False
24661898,person,citizenship_status,joint_fit,joint_fit,[],288.0,288.0,False
24661898,person,immigrant_status,joint_fit,joint_fit,[],288.0,288.0,False
24661898,person,commute_mode,joint_fit,joint_fit,[],22.0,22.0,False
24661898,person,commute_duration,joint_fit,joint_fit,[],153.0,153.0,False
24661898,household,bedrooms,joint_fit,joint_fit,[],300.0,300.0,False
24661898,household,period_built,joint_fit,joint_fit,[],300.0,300.0,False
24661898,household,dwelling_condition,joint_fit,joint_fit,[],300.0,300.0,False
24661898,household,core_housing_need,joint_fit,joint_fit,[],296.0,296.0,False
24661899,person,sex,joint_fit,joint_fit,[],555.0,555.0,False
24661899,person,age_group,joint_fit,joint_fit,[],555.0,555.0,False
24661899,household,household_type,joint_fit,joint_fit,[],570.0,570.0,False
24661899,household,household_size,joint_fit,joint_fit,[],570.0,570.0,False
24661899,person,education_level,joint_fit,joint_fit,[],505.0,505.0,False
24661899,person,labour_force_status,joint_fit,joint_fit,[],554.0,554.0,False
24661899,person,household_income,joint_fit,joint_fit,[],554.0,554.0,False
24661899,household,tenure,joint_fit,joint_fit,[],570.0,570.0,False
24661899,household,dwelling_type,joint_fit,joint_fit,[],570.0,570.0,False
24661899,person,citizenship_status,joint_fit,joint_fit,[],555.0,555.0,False
24661899,person,immigrant_status,joint_fit,joint_fit,[],555.0,555.0,False
24661899,person,commute_mode,joint_fit,joint_fit,[],40.0,40.0,False
24661899,person,commute_duration,joint_fit,joint_fit,[],263.0,263.0,False
24661899,household,bedrooms,joint_fit,joint_fit,[],570.0,570.0,False
24661899,household,period_built,joint_fit,joint_fit,[],570.0,570.0,False
24661899,household,dwelling_condition,joint_fit,joint_fit,[],570.0,570.0,False
24661899,household,core_housing_need,joint_fit,joint_fit,[],551.0,551.0,False
24661900,person,sex,joint_fit,joint_fit,[],330.0,330.0,False
24661900,person,age_group,joint_fit,joint_fit,[],330.0,330.0,False
24661900,household,household_type,joint_fit,joint_fit,[],335.0,335.0,False
24661900,household,household_size,joint_fit,joint_fit,[],335.0,335.0,False
24661900,person,education_level,joint_fit,joint_fit,[],307.0,307.0,False
24661900,person,labour_force_status,joint_fit,joint_fit,[],329.0,329.0,False
24661900,person,household_income,joint_fit,joint_fit,[],329.0,329.0,False
24661900,household,tenure,joint_fit,joint_fit,[],335.0,335.0,False
24661900,household,dwelling_type,joint_fit,joint_fit,[],335.0,335.0,False
24661900,person,citizenship_status,joint_fit,joint_fit,[],329.0,329.0,False
24661900,person,immigrant_status,joint_fit,joint_fit,[],329.0,329.0,False
24661900,person,commute_mode,joint_fit,joint_fit,[],21.0,21.0,False
24661900,person,commute_duration,joint_fit,joint_fit,[],186.0,186.0,False
24661900,household,bedrooms,joint_fit,joint_fit,[],335.0,335.0,False
24661900,household,period_built,joint_fit,joint_fit,[],335.0,335.0,False
24661900,household,dwelling_condition,joint_fit,joint_fit,[],335.0,335.0,False
24661900,household,core_housing_need,joint_fit,joint_fit,[],327.0,327.0,False
24661901,person,sex,joint_fit,joint_fit,[],170.0,170.0,False
24661901,person,age_group,joint_fit,joint_fit,[],171.0,171.0,False
24661901,household,household_type,joint_fit,joint_fit,[],180.0,180.0,False
24661901,household,household_size,joint_fit,joint_fit,[],180.0,180.0,False
24661901,person,education_level,joint_fit,joint_fit,[],154.0,154.0,False
24661901,person,labour_force_status,joint_fit,joint_fit,[],171.0,171.0,False
24661901,person,household_income,joint_fit,joint_fit,[],171.0,171.0,False
24661901,household,tenure,joint_fit,joint_fit,[],180.0,180.0,False
24661901,household,dwelling_type,joint_fit,joint_fit,[],180.0,180.0,False
24661901,person,citizenship_status,joint_fit,joint_fit,[],170.0,170.0,False
24661901,person,immigrant_status,joint_fit,joint_fit,[],170.0,170.0,False
24661901,person,commute_mode,joint_fit,joint_fit,[],16.0,16.0,False
24661901,person,commute_duration,joint_fit,joint_fit,[],93.0,93.0,False
24661901,household,bedrooms,joint_fit,joint_fit,[],180.0,180.0,False
24661901,household,period_built,joint_fit,joint_fit,[],180.0,180.0,False
24661901,household,dwelling_condition,joint_fit,joint_fit,[],180.0,180.0,False
24661901,household,core_housing_need,joint_fit,joint_fit,[],176.0,176.0,False
24661902,person,sex,joint_fit,joint_fit,[],331.0,331.0,False
24661902,person,age_group,joint_fit,joint_fit,[],331.0,331.0,False
24661902,household,household_type,joint_fit,joint_fit,[],345.0,345.0,False
24661902,household,household_size,joint_fit,joint_fit,[],345.0,345.0,False
24661902,person,education_level,joint_fit,joint_fit,[],295.0,295.0,False
24661902,person,labour_force_status,joint_fit,joint_fit,[],330.0,330.0,False
24661902,person,household_income,joint_fit,joint_fit,[],330.0,330.0,False
24661902,household,tenure,joint_fit,joint_fit,[],345.0,345.0,False
24661902,household,dwelling_type,joint_fit,joint_fit,[],344.0,344.0,False
24661902,person,citizenship_status,joint_fit,joint_fit,[],331.0,331.0,False
24661902,person,immigrant_status,joint_fit,joint_fit,[],331.0,331.0,False
24661902,person,commute_mode,joint_fit,joint_fit,[],26.0,26.0,False
24661902,person,commute_duration,joint_fit,joint_fit,[],169.0,169.0,False
24661902,household,bedrooms,joint_fit,joint_fit,[],345.0,345.0,False
24661902,household,period_built,joint_fit,joint_fit,[],345.0,345.0,False
24661902,household,dwelling_condition,joint_fit,joint_fit,[],345.0,345.0,False
24661902,household,core_housing_need,joint_fit,joint_fit,[],339.0,339.0,False
24661903,person,sex,joint_fit,joint_fit,[],285.0,285.0,False
24661903,person,age_group,joint_fit,joint_fit,[],285.0,285.0,False
24661903,household,household_type,joint_fit,joint_fit,[],295.0,295.0,False
24661903,household,household_size,joint_fit,joint_fit,[],295.0,295.0,False
24661903,person,education_level,joint_fit,joint_fit,[],260.0,260.0,False
24661903,person,labour_force_status,joint_fit,joint_fit,[],285.0,285.0,False
24661903,person,household_income,joint_fit,joint_fit,[],285.0,285.0,False
24661903,household,tenure,joint_fit,joint_fit,[],295.0,295.0,False
24661903,household,dwelling_type,joint_fit,joint_fit,[],295.0,295.0,False
24661903,person,citizenship_status,joint_fit,joint_fit,[],284.0,284.0,False
24661903,person,immigrant_status,joint_fit,joint_fit,[],284.0,284.0,False
24661903,person,commute_mode,joint_fit,joint_fit,[],24.0,24.0,False
24661903,person,commute_duration,joint_fit,joint_fit,[],147.0,147.0,False
24661903,household,bedrooms,joint_fit,joint_fit,[],295.0,295.0,False
24661903,household,period_built,joint_fit,joint_fit,[],294.0,294.0,False
24661903,household,dwelling_condition,joint_fit,joint_fit,[],295.0,295.0,False
24661903,household,core_housing_need,joint_fit,joint_fit,[],292.0,292.0,False
24661904,person,sex,joint_fit,joint_fit,[],257.0,257.0,False
24661904,person,age_group,joint_fit,joint_fit,[],258.0,258.0,False
24661904,household,household_type,joint_fit,joint_fit,[],265.0,265.0,False
24661904,household,household_size,joint_fit,joint_fit,[],265.0,265.0,False
24661904,person,education_level,joint_fit,joint_fit,[],240.0,240.0,False
24661904,person,labour_force_status,joint_fit,joint_fit,[],258.0,258.0,False
24661904,person,household_income,joint_fit,joint_fit,[],258.0,258.0,False
24661904,household,tenure,joint_fit,joint_fit,[],265.0,265.0,False
24661904,household,dwelling_type,joint_fit,joint_fit,[],265.0,265.0,False
24661904,person,citizenship_status,joint_fit,joint_fit,[],258.0,258.0,False
24661904,person,immigrant_status,joint_fit,joint_fit,[],258.0,258.0,False
24661904,person,commute_mode,joint_fit,joint_fit,[],13.0,13.0,False
24661904,person,commute_duration,joint_fit,joint_fit,[],133.0,133.0,False
24661904,household,bedrooms,joint_fit,joint_fit,[],265.0,265.0,False
24661904,household,period_built,joint_fit,joint_fit,[],265.0,265.0,False
24661904,household,dwelling_condition,joint_fit,joint_fit,[],265.0,265.0,False
24661904,household,core_housing_need,joint_fit,joint_fit,[],253.0,253.0,False
24661905,person,sex,joint_fit,joint_fit,[],247.0,247.0,False
24661905,person,age_group,joint_fit,joint_fit,[],247.0,247.0,False
24661905,household,household_type,joint_fit,joint_fit,[],255.0,255.0,False
24661905,household,household_size,joint_fit,joint_fit,[],255.0,255.0,False
24661905,person,education_level,joint_fit,joint_fit,[],228.0,228.0,False
24661905,person,labour_force_status,joint_fit,joint_fit,[],246.0,246.0,False
24661905,person,household_income,joint_fit,joint_fit,[],246.0,246.0,False
24661905,household,tenure,joint_fit,joint_fit,[],255.0,255.0,False
24661905,household,dwelling_type,joint_fit,joint_fit,[],255.0,255.0,False
24661905,person,citizenship_status,joint_fit,joint_fit,[],244.0,244.0,False
24661905,person,immigrant_status,joint_fit,joint_fit,[],244.0,244.0,False
24661905,person,commute_mode,joint_fit,joint_fit,[],14.0,14.0,False
24661905,person,commute_duration,joint_fit,joint_fit,[],133.0,133.0,False
24661905,household,bedrooms,joint_fit,joint_fit,[],255.0,255.0,False
24661905,household,period_built,joint_fit,joint_fit,[],255.0,255.0,False
24661905,household,dwelling_condition,joint_fit,joint_fit,[],255.0,255.0,False
24661905,household,core_housing_need,joint_fit,joint_fit,[],248.0,248.0,False
24661906,person,sex,joint_fit,joint_fit,[],234.0,234.0,False
24661906,person,age_group,joint_fit,joint_fit,[],234.0,234.0,False
24661906,household,household_type,joint_fit,joint_fit,[],240.0,240.0,False
24661906,household,household_size,joint_fit,joint_fit,[],240.0,240.0,False
24661906,person,education_level,joint_fit,joint_fit,[],219.0,219.0,False
24661906,person,labour_force_status,joint_fit,joint_fit,[],234.0,234.0,False
24661906,person,household_income,joint_fit,joint_fit,[],234.0,234.0,False
24661906,household,tenure,joint_fit,joint_fit,[],240.0,240.0,False
24661906,household,dwelling_type,joint_fit,joint_fit,[],240.0,240.0,False
24661906,person,citizenship_status,joint_fit,joint_fit,[],234.0,234.0,False
24661906,person,immigrant_status,joint_fit,joint_fit,[],234.0,234.0,False
24661906,person,commute_mode,joint_fit,joint_fit,[],22.0,22.0,False
24661906,person,commute_duration,joint_fit,joint_fit,[],116.0,116.0,False
24661906,household,bedrooms,joint_fit,joint_fit,[],240.0,240.0,False
24661906,household,period_built,joint_fit,joint_fit,[],240.0,240.0,False
24661906,household,dwelling_condition,joint_fit,joint_fit,[],240.0,240.0,False
24661906,household,core_housing_need,joint_fit,joint_fit,[],237.0,237.0,False
24661907,person,sex,joint_fit,joint_fit,[],286.0,286.0,False
24661907,person,age_group,joint_fit,joint_fit,[],287.0,287.0,False
24661907,household,household_type,joint_fit,joint_fit,[],295.0,295.0,False
24661907,household,household_size,joint_fit,joint_fit,[],295.0,295.0,False
24661907,person,education_level,joint_fit,joint_fit,[],260.0,260.0,False
24661907,person,labour_force_status,joint_fit,joint_fit,[],287.0,287.0,False
24661907,person,household_income,joint_fit,joint_fit,[],287.0,287.0,False
24661907,household,tenure,joint_fit,joint_fit,[],295.0,295.0,False
24661907,household,dwelling_type,joint_fit,joint_fit,[],295.0,295.0,False
24661907,person,citizenship_status,joint_fit,joint_fit,[],285.0,285.0,False
24661907,person,immigrant_status,joint_fit,joint_fit,[],285.0,285.0,False
24661907,person,commute_mode,joint_fit,joint_fit,[],20.0,20.0,False
24661907,person,commute_duration,joint_fit,joint_fit,[],150.0,150.0,False
24661907,household,bedrooms,joint_fit,joint_fit,[],295.0,295.0,False
24661907,household,period_built,joint_fit,joint_fit,[],295.0,295.0,False
24661907,household,dwelling_condition,joint_fit,joint_fit,[],295.0,295.0,False
24661907,household,core_housing_need,joint_fit,joint_fit,[],290.0,290.0,False
24661908,person,sex,joint_fit,joint_fit,[],386.0,386.0,False
24661908,person,age_group,joint_fit,joint_fit,[],386.0,386.0,False
24661908,household,household_type,joint_fit,joint_fit,[],400.0,400.0,False
24661908,household,household_size,joint_fit,joint_fit,[],400.0,400.0,False
24661908,person,education_level,joint_fit,joint_fit,[],361.0,361.0,False
24661908,person,labour_force_status,joint_fit,joint_fit,[],386.0,386.0,False
24661908,person,household_income,joint_fit,joint_fit,[],386.0,386.0,False
24661908,household,tenure,joint_fit,joint_fit,[],400.0,400.0,False
24661908,household,dwelling_type,joint_fit,joint_fit,[],400.0,400.0,False
24661908,person,citizenship_status,joint_fit,joint_fit,[],384.0,384.0,False
24661908,person,immigrant_status,joint_fit,joint_fit,[],384.0,384.0,False
24661908,person,commute_mode,joint_fit,joint_fit,[],21.0,21.0,False
24661908,person,commute_duration,joint_fit,joint_fit,[],210.0,210.0,False
24661908,household,bedrooms,joint_fit,joint_fit,[],400.0,400.0,False
24661908,household,period_built,joint_fit,joint_fit,[],400.0,400.0,False
24661908,household,dwelling_condition,joint_fit,joint_fit,[],400.0,400.0,False
24661908,household,core_housing_need,joint_fit,joint_fit,[],388.0,388.0,False
24661909,person,sex,joint_fit,joint_fit,[],222.0,222.0,False
24661909,person,age_group,joint_fit,joint_fit,[],222.0,222.0,False
24661909,household,household_type,joint_fit,joint_fit,[],225.0,225.0,False
24661909,household,household_size,joint_fit,joint_fit,[],225.0,225.0,False
24661909,person,education_level,joint_fit,joint_fit,[],207.0,207.0,False
24661909,person,labour_force_status,joint_fit,joint_fit,[],221.0,221.0,False
24661909,person,household_income,joint_fit,joint_fit,[],221.0,221.0,False
24661909,household,tenure,joint_fit,joint_fit,[],225.0,225.0,False
24661909,household,dwelling_type,joint_fit,joint_fit,[],225.0,225.0,False
24661909,person,citizenship_status,joint_fit,joint_fit,[],222.0,222.0,False
24661909,person,immigrant_status,joint_fit,joint_fit,[],222.0,222.0,False
24661909,person,commute_mode,joint_fit,joint_fit,[],13.0,13.0,False
24661909,person,commute_duration,joint_fit,joint_fit,[],112.0,112.0,False
24661909,household,bedrooms,joint_fit,joint_fit,[],225.0,225.0,False
24661909,household,period_built,joint_fit,joint_fit,[],225.0,225.0,False
24661909,household,dwelling_condition,joint_fit,joint_fit,[],225.0,225.0,False
24661909,household,core_housing_need,joint_fit,joint_fit,[],220.0,220.0,False
24661910,person,sex,joint_fit,joint_fit,[],219.0,219.0,False
24661910,person,age_group,joint_fit,joint_fit,[],219.0,219.0,False
24661910,household,household_type,joint_fit,joint_fit,[],225.0,225.0,False
24661910,household,household_size,joint_fit,joint_fit,[],225.0,225.0,False
24661910,person,education_level,joint_fit,joint_fit,[],204.0,204.0,False
24661910,person,labour_force_status,joint_fit,joint_fit,[],219.0,219.0,False
24661910,person,household_income,joint_fit,joint_fit,[],219.0,219.0,False
24661910,household,tenure,joint_fit,joint_fit,[],225.0,225.0,False
24661910,household,dwelling_type,joint_fit,joint_fit,[],225.0,225.0,False
24661910,person,citizenship_status,joint_fit,joint_fit,[],219.0,219.0,False
24661910,person,immigrant_status,joint_fit,joint_fit,[],219.0,219.0,False
24661910,person,commute_mode,joint_fit,joint_fit,[],20.0,20.0,False
24661910,person,commute_duration,joint_fit,joint_fit,[],123.0,123.0,False
24661910,household,bedrooms,joint_fit,joint_fit,[],225.0,225.0,False
24661910,household,period_built,joint_fit,joint_fit,[],225.0,225.0,False
24661910,household,dwelling_condition,joint_fit,joint_fit,[],225.0,225.0,False
24661910,household,core_housing_need,joint_fit,joint_fit,[],222.0,222.0,False
24661912,person,sex,joint_fit,joint_fit,[],234.0,234.0,False
24661912,person,age_group,joint_fit,joint_fit,[],235.0,235.0,False
24661912,household,household_type,joint_fit,joint_fit,[],245.0,245.0,False
24661912,household,household_size,joint_fit,joint_fit,[],245.0,245.0,False
24661912,person,education_level,joint_fit,joint_fit,[],213.0,213.0,False
24661912,person,labour_force_status,joint_fit,joint_fit,[],234.0,234.0,False
24661912,person,household_income,joint_fit,joint_fit,[],234.0,234.0,False
24661912,household,tenure,joint_fit,joint_fit,[],245.0,245.0,False
24661912,household,dwelling_type,joint_fit,joint_fit,[],245.0,245.0,False
24661912,person,citizenship_status,joint_fit,joint_fit,[],234.0,234.0,False
24661912,person,immigrant_status,joint_fit,joint_fit,[],234.0,234.0,False
24661912,person,commute_mode,joint_fit,joint_fit,[],15.0,15.0,False
24661912,person,commute_duration,joint_fit,joint_fit,[],124.0,124.0,False
24661912,household,bedrooms,joint_fit,joint_fit,[],245.0,245.0,False
24661912,household,period_built,joint_fit,joint_fit,[],245.0,245.0,False
24661912,household,dwelling_condition,joint_fit,joint_fit,[],245.0,245.0,False
24661912,household,core_housing_need,joint_fit,joint_fit,[],243.0,243.0,False
24661913,person,sex,joint_fit,joint_fit,[],274.0,274.0,False
24661913,person,age_group,joint_fit,joint_fit,[],274.0,274.0,False
24661913,household,household_type,joint_fit,joint_fit,[],280.0,280.0,False
24661913,household,household_size,joint_fit,joint_fit,[],280.0,280.0,False
24661913,person,education_level,joint_fit,joint_fit,[],246.0,246.0,False
24661913,person,labour_force_status,joint_fit,joint_fit,[],272.0,272.0,False
24661913,person,household_income,joint_fit,joint_fit,[],272.0,272.0,False
24661913,household,tenure,joint_fit,joint_fit,[],280.0,280.0,False
24661913,household,dwelling_type,joint_fit,joint_fit,[],280.0,280.0,False
24661913,person,citizenship_status,joint_fit,joint_fit,[],272.0,272.0,False
24661913,person,immigrant_status,joint_fit,joint_fit,[],272.0,272.0,False
24661913,person,commute_mode,joint_fit,joint_fit,[],21.0,21.0,False
24661913,person,commute_duration,joint_fit,joint_fit,[],130.0,130.0,False
24661913,household,bedrooms,joint_fit,joint_fit,[],280.0,280.0,False
24661913,household,period_built,joint_fit,joint_fit,[],279.0,279.0,False
24661913,household,dwelling_condition,joint_fit,joint_fit,[],280.0,280.0,False
24661913,household,core_housing_need,joint_fit,joint_fit,[],268.0,268.0,False
